{"cameraMode":{"drawMode":0,"name":"Shaded","section":"Shading Mode"},"sceneLighting":false,"audioPlay":false,"sceneViewState":{"showFog":true,"showMaterialUpdate":false,"showSkybox":false,"showFlares":false,"showImageEffects":false,"showParticleSystems":false},"in2DMode":false,"pivot":{"x":-0.007229410111904144,"y":0.11800900101661682,"z":-0.05355489253997803},"rotation":{"x":0.3806283473968506,"y":0.09367849677801132,"z":-0.03873651847243309,"w":0.9191633462905884},"size":0.480199933052063,"orthographic":false}